video_id,channel_id,published_date,video_title,video_description,likes,views,comment_count
kyXbWd6-YIY,UCBJnS5ExQo4SIJlsqNDnXGA,2022-01-15T13:00:13Z,Tết Này Con Sẽ Về - Bùi Công Nam x Quang Linh Vlogs || MUSIC VIDEO,"Liên Hệ tài trợ/ Quảng cáo
► Mua Sản Phẩm Shop: https://www.facebook.com/quanglinhvlogstore
► Zalo Angola : +244 949028888 ( Phạm Quang Linh )
► Zalo Việt Nam : +84 986881994 ( Trần Chí Tâm )
► Mail: pqlmmo@gmail.com
► FanPage Chính Chủ: https://www.facebook.com/QuangLinhVlogss
► FaceBook Cá Nhân : https://www.facebook.com/PhamQuangLinh1997Vlogs

► Cảm ơn các bạn đã xem clip của tôi. Hãy nhấn đăng ký để ủng hộ mình nhé !
► Kênh hứa hẹn sẽ tạo ra những Video hay nhất cho các bạn xem !
Cảm ơn các bạn đã xem. Tôi yêu các bạn rất nhiều !
#TeamChâuphi  #quanglinhvlogs #lindo

✪ Copyright © #Quanglinhvlogs",29126,590138,1137
wTvoBRgKTIM,UCBJnS5ExQo4SIJlsqNDnXGA,2021-07-20T03:13:35Z,Sai Lầm Của Anh - Đình Dũng || Thể Hiện Bởi LINDO Hát Chuẩn Không Rớt Nhịp Beat Nào !,"Liên Hệ tài trợ/ Quảng cáo
► Mua Sản Phẩm Shop: https://www.facebook.com/quanglinhvlogstore
► Zalo Angola : +244 949028888 ( Phạm Quang Linh )
► Zalo Việt Nam : +84 986881994 ( Trần Chí Tâm )
► Mail: pqlmmo@gmail.com
► FanPage Chính Chủ: https://www.facebook.com/QuangLinhVlogss
► FaceBook Cá Nhân : https://www.facebook.com/PhamQuangLinh1997Vlogs

► Cảm ơn các bạn đã xem clip của tôi. Hãy nhấn đăng ký để ủng hộ mình nhé !
► Kênh hứa hẹn sẽ tạo ra những Video hay nhất cho các bạn xem !
Cảm ơn các bạn đã xem. Tôi yêu các bạn rất nhiều !
#TeamChâuphi  #quanglinhvlogs #lindo

✪ Copyright © #Quanglinhvlogs",40274,698511,4617
UwrpEfVTMgU,UCBJnS5ExQo4SIJlsqNDnXGA,2019-05-12T05:34:15Z,Vlogs#25 : Thử Thách Ăn Thau Lẩu Hoa Quả Khổng Lồ (  challenge eating giant fruit hot pot ),"Liên Hệ tài trợ/ Quảng cáo
► Mua Sản Phẩm Shop: https://www.facebook.com/quanglinhvlogstore
► Zalo Angola : +244 949028888 ( Phạm Quang Linh )
► Zalo Việt Nam : +84 986881994 ( Trần Chí Tâm )
► Mail: pqlmmo@gmail.com
► FanPage Chính Chủ: https://www.facebook.com/QuangLinhVlogss
► FaceBook Cá Nhân : https://www.facebook.com/PhamQuangLinh1997Vlogs

► Cảm ơn các bạn đã xem clip của tôi. Hãy nhấn đăng ký để ủng hộ mình nhé !
► Kênh hứa hẹn sẽ tạo ra những Video hay nhất cho các bạn xem !
Cảm ơn các bạn đã xem. Tôi yêu các bạn rất nhiều !
#TeamChâuphi  #quanglinhvlogs #lindo

✪ Copyright © #Quanglinhvlogs",19720,475068,1426
t02t9WGyvSA,UCBJnS5ExQo4SIJlsqNDnXGA,2022-04-09T10:00:21Z,Đưa AE Team Châu Phi Gặp Lại Vợ Con Sau 6 Tháng Xa Nhà - Tập Chung Về Một Chỗ Cho Những Kế Hoạch Mới,"Liên Hệ tài trợ/ Quảng cáo
► Mua Sản Phẩm Shop: https://www.facebook.com/quanglinhvlogstore
► Zalo Angola : +244 949028888 ( Phạm Quang Linh )
► Zalo Việt Nam : +84 986881994 ( Trần Chí Tâm )
► Mail: pqlmmo@gmail.com
► FanPage Chính Chủ: https://www.facebook.com/QuangLinhVlogss
► FaceBook Cá Nhân : https://www.facebook.com/PhamQuangLinh1997Vlogs

► Cảm ơn các bạn đã xem clip của tôi. Hãy nhấn đăng ký để ủng hộ mình nhé !
► Kênh hứa hẹn sẽ tạo ra những Video hay nhất cho các bạn xem !
Cảm ơn các bạn đã xem. Tôi yêu các bạn rất nhiều !
#TeamChâuphi  #quanglinhvlogs #lindo

✪ Copyright © #Quanglinhvlogs",35105,747868,1054
u2nQhYE7AQ8,UCBJnS5ExQo4SIJlsqNDnXGA,2022-03-12T04:15:02Z,Quanglinhvlogs || Trailer Chương Trình Việc Tử Tế Phát Sóng 20:10 Tối Nay Ngày 12/3 Trên VTV1,"Liên Hệ tài trợ/ Quảng cáo
► Mua Sản Phẩm Shop: https://www.facebook.com/quanglinhvlogstore
► Zalo Angola : +244 949028888 ( Phạm Quang Linh )
► Zalo Việt Nam : +84 986881994 ( Trần Chí Tâm )
► Mail: pqlmmo@gmail.com
► FanPage Chính Chủ: https://www.facebook.com/QuangLinhVlogss
► FaceBook Cá Nhân : https://www.facebook.com/PhamQuangLinh1997Vlogs

► Cảm ơn các bạn đã xem clip của tôi. Hãy nhấn đăng ký để ủng hộ mình nhé !
► Kênh hứa hẹn sẽ tạo ra những Video hay nhất cho các bạn xem !
Cảm ơn các bạn đã xem. Tôi yêu các bạn rất nhiều !
#TeamChâuphi  #quanglinhvlogs #lindo

✪ Copyright © #Quanglinhvlogs",14664,237704,548
E8M7w6dfhFQ,UCBJnS5ExQo4SIJlsqNDnXGA,2022-06-21T10:17:07Z,Quanglinhvlogs || Người Dân Vui Khi Sao Bao Ngày Tháng Cũng Đã Thu Về Thành Quả,"Liên Hệ tài trợ/ Quảng cáo
► Mua Mua Nước Hoa Tại Store: https://www.facebook.com/quanglinhvlogstore
► Zalo Angola : +244 949028888 ( Phạm Quang Linh )
► Zalo Việt Nam : +84 986881994 ( Trần Chí Tâm )
► Mail: pqlmmo@gmail.com
► FanPage Chính Chủ: https://www.facebook.com/QuangLinhVlogss
► FaceBook Cá Nhân : https://www.facebook.com/PhamQuangLinh1997Vlogs

► Cảm ơn các bạn đã xem clip của tôi. Hãy nhấn đăng ký để ủng hộ mình nhé !
► Kênh hứa hẹn sẽ tạo ra những Video hay nhất cho các bạn xem !
Cảm ơn các bạn đã xem. Tôi yêu các bạn rất nhiều !
#TeamChâuphi  #quanglinhvlogs #lindo

✪ Copyright © #Quanglinhvlogs",35155,689074,1139
fPXsFTMjaYE,UCBJnS5ExQo4SIJlsqNDnXGA,2022-05-18T10:00:32Z,Quanglinhvlogs || Feedi Làm Anh Em Team Hoang Mang Khi Nói Xin Nghỉ Việc Để Lên Thủ Đô Làm Việc ???,"Liên Hệ tài trợ/ Quảng cáo
► Mua Mua Nước Hoa Tại Store: https://www.facebook.com/quanglinhvlogstore
► Zalo Angola : +244 949028888 ( Phạm Quang Linh )
► Zalo Việt Nam : +84 986881994 ( Trần Chí Tâm )
► Mail: pqlmmo@gmail.com
► FanPage Chính Chủ: https://www.facebook.com/QuangLinhVlogss
► FaceBook Cá Nhân : https://www.facebook.com/PhamQuangLinh1997Vlogs

► Cảm ơn các bạn đã xem clip của tôi. Hãy nhấn đăng ký để ủng hộ mình nhé !
► Kênh hứa hẹn sẽ tạo ra những Video hay nhất cho các bạn xem !
Cảm ơn các bạn đã xem. Tôi yêu các bạn rất nhiều !
#TeamChâuphi  #quanglinhvlogs #lindo

✪ Copyright © #Quanglinhvlogs",35545,676964,1681
c8-bnew3v2M,UCBJnS5ExQo4SIJlsqNDnXGA,2022-04-08T10:00:19Z,Quanglinhvlogs || Về Thăm Quê Của Anh Domingo Bất Ngờ Trước Thu Nhập Khủng Từ Vườn Nông Nghiệp ?,"Liên Hệ tài trợ/ Quảng cáo
► Mua Sản Phẩm Shop: https://www.facebook.com/quanglinhvlogstore
► Zalo Angola : +244 949028888 ( Phạm Quang Linh )
► Zalo Việt Nam : +84 986881994 ( Trần Chí Tâm )
► Mail: pqlmmo@gmail.com
► FanPage Chính Chủ: https://www.facebook.com/QuangLinhVlogss
► FaceBook Cá Nhân : https://www.facebook.com/PhamQuangLinh1997Vlogs

► Cảm ơn các bạn đã xem clip của tôi. Hãy nhấn đăng ký để ủng hộ mình nhé !
► Kênh hứa hẹn sẽ tạo ra những Video hay nhất cho các bạn xem !
Cảm ơn các bạn đã xem. Tôi yêu các bạn rất nhiều !
#TeamChâuphi  #quanglinhvlogs #lindo

✪ Copyright © #Quanglinhvlogs",79213,2079024,3050
hK640zjhh24,UCBJnS5ExQo4SIJlsqNDnXGA,2022-05-03T10:00:32Z,Quanglinhvlogs || Bất Ngờ Phát Hiện Bản Mới Đã Được Quan Tâm - Xây Trường Học & Khoan Giếng,"Liên Hệ tài trợ/ Quảng cáo
► Mua Mua Nước Hoa Tại Store: https://www.facebook.com/quanglinhvlogstore
► Zalo Angola : +244 949028888 ( Phạm Quang Linh )
► Zalo Việt Nam : +84 986881994 ( Trần Chí Tâm )
► Mail: pqlmmo@gmail.com
► FanPage Chính Chủ: https://www.facebook.com/QuangLinhVlogss
► FaceBook Cá Nhân : https://www.facebook.com/PhamQuangLinh1997Vlogs

► Cảm ơn các bạn đã xem clip của tôi. Hãy nhấn đăng ký để ủng hộ mình nhé !
► Kênh hứa hẹn sẽ tạo ra những Video hay nhất cho các bạn xem !
Cảm ơn các bạn đã xem. Tôi yêu các bạn rất nhiều !
#TeamChâuphi  #quanglinhvlogs #lindo

✪ Copyright © #Quanglinhvlogs",35900,657919,917
2Zi5yEqaP7w,UCBJnS5ExQo4SIJlsqNDnXGA,2022-06-23T10:00:02Z,Lần Đầu Tiên Người Dân Miền Núi Châu Phi Nhận Được Tiền Lương Từ Công Việc Tại Quang Linh Farm,"Liên Hệ tài trợ/ Quảng cáo
► Mua Mua Nước Hoa Tại Store: https://www.facebook.com/quanglinhvlogstore
► Zalo Angola : +244 949028888 ( Phạm Quang Linh )
► Zalo Việt Nam : +84 986881994 ( Trần Chí Tâm )
► Mail: pqlmmo@gmail.com
► FanPage Chính Chủ: https://www.facebook.com/QuangLinhVlogss
► FaceBook Cá Nhân : https://www.facebook.com/PhamQuangLinh1997Vlogs

► Cảm ơn các bạn đã xem clip của tôi. Hãy nhấn đăng ký để ủng hộ mình nhé !
► Kênh hứa hẹn sẽ tạo ra những Video hay nhất cho các bạn xem !
Cảm ơn các bạn đã xem. Tôi yêu các bạn rất nhiều !
#TeamChâuphi  #quanglinhvlogs #lindo

✪ Copyright © #Quanglinhvlogs",30589,573465,1036
ny5gRL3RmzY,UCBJnS5ExQo4SIJlsqNDnXGA,2022-06-09T10:00:22Z,Quanglinhvlogs || Thử Thách Đừng Nói Gì Vào Mic và Nhận Thưởng Khủng - Kiếm Tiền Dễ Như Ăn Kẹo,"Liên Hệ tài trợ/ Quảng cáo
► Mua Mua Nước Hoa Tại Store: https://www.facebook.com/quanglinhvlogstore
► Zalo Angola : +244 949028888 ( Phạm Quang Linh )
► Zalo Việt Nam : +84 986881994 ( Trần Chí Tâm )
► Mail: pqlmmo@gmail.com
► FanPage Chính Chủ: https://www.facebook.com/QuangLinhVlogss
► FaceBook Cá Nhân : https://www.facebook.com/PhamQuangLinh1997Vlogs

► Cảm ơn các bạn đã xem clip của tôi. Hãy nhấn đăng ký để ủng hộ mình nhé !
► Kênh hứa hẹn sẽ tạo ra những Video hay nhất cho các bạn xem !
Cảm ơn các bạn đã xem. Tôi yêu các bạn rất nhiều !
#TeamChâuphi  #quanglinhvlogs #lindo

✪ Copyright © #Quanglinhvlogs",20622,341089,521
clWxlA1Uwx4,UCBJnS5ExQo4SIJlsqNDnXGA,2022-05-11T10:00:22Z,Quanglinhvlogs | Tiếp Tục Một Dự Án Ý Nghĩa - Xây Trường Học Với Quy Mô 1.000 Học Sinh Sẽ Tới Trường,"Liên Hệ tài trợ/ Quảng cáo
► Mua Mua Nước Hoa Tại Store: https://www.facebook.com/quanglinhvlogstore
► Zalo Angola : +244 949028888 ( Phạm Quang Linh )
► Zalo Việt Nam : +84 986881994 ( Trần Chí Tâm )
► Mail: pqlmmo@gmail.com
► FanPage Chính Chủ: https://www.facebook.com/QuangLinhVlogss
► FaceBook Cá Nhân : https://www.facebook.com/PhamQuangLinh1997Vlogs

► Cảm ơn các bạn đã xem clip của tôi. Hãy nhấn đăng ký để ủng hộ mình nhé !
► Kênh hứa hẹn sẽ tạo ra những Video hay nhất cho các bạn xem !
Cảm ơn các bạn đã xem. Tôi yêu các bạn rất nhiều !
#TeamChâuphi  #quanglinhvlogs #lindo

✪ Copyright © #Quanglinhvlogs",35736,573918,1891
scvTXGxfwls,UCBJnS5ExQo4SIJlsqNDnXGA,2021-12-30T10:00:22Z,Hành Trình Về Việt Nam Tập 2 || Cuộc Chia Ly Đầy Xúc Động Giữa Quang Linh Và Gia Đình LINDO,"Liên Hệ tài trợ/ Quảng cáo
► Mua Sản Phẩm Shop: https://www.facebook.com/quanglinhvlogstore
► Zalo Angola : +244 949028888 ( Phạm Quang Linh )
► Zalo Việt Nam : +84 986881994 ( Trần Chí Tâm )
► Mail: pqlmmo@gmail.com
► FanPage Chính Chủ: https://www.facebook.com/QuangLinhVlogss
► FaceBook Cá Nhân : https://www.facebook.com/PhamQuangLinh1997Vlogs

► Cảm ơn các bạn đã xem clip của tôi. Hãy nhấn đăng ký để ủng hộ mình nhé !
► Kênh hứa hẹn sẽ tạo ra những Video hay nhất cho các bạn xem !
Cảm ơn các bạn đã xem. Tôi yêu các bạn rất nhiều !
#TeamChâuphi  #quanglinhvlogs #lindo

✪ Copyright © #Quanglinhvlogs",60699,1592240,2066
Z1yEejo4m8Q,UCBJnS5ExQo4SIJlsqNDnXGA,2022-01-21T10:00:20Z,Hủy Nhiều Lịch Trình - Quyết Định Quay Xe Về Quê Ngay Trong Đêm Để Gặp Lại Gia Đình,"Liên Hệ tài trợ/ Quảng cáo
► Mua Sản Phẩm Shop: https://www.facebook.com/quanglinhvlogstore
► Zalo Angola : +244 949028888 ( Phạm Quang Linh )
► Zalo Việt Nam : +84 986881994 ( Trần Chí Tâm )
► Mail: pqlmmo@gmail.com
► FanPage Chính Chủ: https://www.facebook.com/QuangLinhVlogss
► FaceBook Cá Nhân : https://www.facebook.com/PhamQuangLinh1997Vlogs

► Cảm ơn các bạn đã xem clip của tôi. Hãy nhấn đăng ký để ủng hộ mình nhé !
► Kênh hứa hẹn sẽ tạo ra những Video hay nhất cho các bạn xem !
Cảm ơn các bạn đã xem. Tôi yêu các bạn rất nhiều !
#TeamChâuphi  #quanglinhvlogs #lindo

✪ Copyright © #Quanglinhvlogs",67142,1500055,4144
1HEwblIhX_k,UCBJnS5ExQo4SIJlsqNDnXGA,2022-06-22T10:00:00Z,Quanglinhvlogs || Người Dân Vui Mừng Khi Biết Có Một Hoa Hậu ở Việt Nam Sẽ Sang Châu Phi Tặng Giếng,"Liên Hệ tài trợ/ Quảng cáo
► Mua Mua Nước Hoa Tại Store: https://www.facebook.com/quanglinhvlogstore
► Zalo Angola : +244 949028888 ( Phạm Quang Linh )
► Zalo Việt Nam : +84 986881994 ( Trần Chí Tâm )
► Mail: pqlmmo@gmail.com
► FanPage Chính Chủ: https://www.facebook.com/QuangLinhVlogss
► FaceBook Cá Nhân : https://www.facebook.com/PhamQuangLinh1997Vlogs

► Cảm ơn các bạn đã xem clip của tôi. Hãy nhấn đăng ký để ủng hộ mình nhé !
► Kênh hứa hẹn sẽ tạo ra những Video hay nhất cho các bạn xem !
Cảm ơn các bạn đã xem. Tôi yêu các bạn rất nhiều !
#TeamChâuphi  #quanglinhvlogs #lindo

✪ Copyright © #Quanglinhvlogs",29909,626852,1588
XeZH1NqeXXM,UCBJnS5ExQo4SIJlsqNDnXGA,2022-04-30T10:00:30Z,Đo Diện Tích Đất Thời 4.0 Bằng Flycam - Bất Ngờ Với Giá Tiền Mua Đất Làm Trang Trại 117.000 m² ???,"Liên Hệ tài trợ/ Quảng cáo
► Mua Mua Nước Hoa Tại Store: https://www.facebook.com/quanglinhvlogstore
► Zalo Angola : +244 949028888 ( Phạm Quang Linh )
► Zalo Việt Nam : +84 986881994 ( Trần Chí Tâm )
► Mail: pqlmmo@gmail.com
► FanPage Chính Chủ: https://www.facebook.com/QuangLinhVlogss
► FaceBook Cá Nhân : https://www.facebook.com/PhamQuangLinh1997Vlogs

► Cảm ơn các bạn đã xem clip của tôi. Hãy nhấn đăng ký để ủng hộ mình nhé !
► Kênh hứa hẹn sẽ tạo ra những Video hay nhất cho các bạn xem !
Cảm ơn các bạn đã xem. Tôi yêu các bạn rất nhiều !
#TeamChâuphi  #quanglinhvlogs #lindo

✪ Copyright © #Quanglinhvlogs",30798,619962,1526
aihTMaEAx0s,UCBJnS5ExQo4SIJlsqNDnXGA,2022-05-25T10:00:02Z,Quanglinhvlogs || Một Bài Học Lớn - Khiến Anh Em Team Châu Phi Thức Tỉnh ??? và Phải Suy Nghĩ !,"Liên Hệ tài trợ/ Quảng cáo
► Mua Mua Nước Hoa Tại Store: https://www.facebook.com/quanglinhvlogstore
► Zalo Angola : +244 949028888 ( Phạm Quang Linh )
► Zalo Việt Nam : +84 986881994 ( Trần Chí Tâm )
► Mail: pqlmmo@gmail.com
► FanPage Chính Chủ: https://www.facebook.com/QuangLinhVlogss
► FaceBook Cá Nhân : https://www.facebook.com/PhamQuangLinh1997Vlogs

► Cảm ơn các bạn đã xem clip của tôi. Hãy nhấn đăng ký để ủng hộ mình nhé !
► Kênh hứa hẹn sẽ tạo ra những Video hay nhất cho các bạn xem !
Cảm ơn các bạn đã xem. Tôi yêu các bạn rất nhiều !
#TeamChâuphi  #quanglinhvlogs #lindo

✪ Copyright © #Quanglinhvlogs",33220,744039,1964
LZi8_ewQcfs,UCBJnS5ExQo4SIJlsqNDnXGA,2021-10-12T10:00:19Z,Vào Vai Thanh Tra Của Tỉnh Xuống Yêu Cầu Tạm Dừng Xưởng Đóng Gạch Do Không Có Giấy Phép Kinh Doanh,"Liên Hệ tài trợ/ Quảng cáo
► Mua Sản Phẩm Shop: https://www.facebook.com/quanglinhvlogstore
► Zalo Angola : +244 949028888 ( Phạm Quang Linh )
► Zalo Việt Nam : +84 986881994 ( Trần Chí Tâm )
► Mail: pqlmmo@gmail.com
► FanPage Chính Chủ: https://www.facebook.com/QuangLinhVlogss
► FaceBook Cá Nhân : https://www.facebook.com/PhamQuangLinh1997Vlogs

► Cảm ơn các bạn đã xem clip của tôi. Hãy nhấn đăng ký để ủng hộ mình nhé !
► Kênh hứa hẹn sẽ tạo ra những Video hay nhất cho các bạn xem !
Cảm ơn các bạn đã xem. Tôi yêu các bạn rất nhiều !
#TeamChâuphi  #quanglinhvlogs #lindo

✪ Copyright © #Quanglinhvlogs",58602,1182692,2929
SE4-Zl4nWNc,UCBJnS5ExQo4SIJlsqNDnXGA,2022-04-11T10:00:11Z,2 Thành Viên Nhí Vừa Ký Hợp Đồng Với Team Châu Phi - Số Tiền Phải Bỏ Ra Để Chiêu Mộ 2 Thành Viên ?,"Liên Hệ tài trợ/ Quảng cáo
► Mua Sản Phẩm Shop: https://www.facebook.com/quanglinhvlogstore
► Zalo Angola : +244 949028888 ( Phạm Quang Linh )
► Zalo Việt Nam : +84 986881994 ( Trần Chí Tâm )
► Mail: pqlmmo@gmail.com
► FanPage Chính Chủ: https://www.facebook.com/QuangLinhVlogss
► FaceBook Cá Nhân : https://www.facebook.com/PhamQuangLinh1997Vlogs

► Cảm ơn các bạn đã xem clip của tôi. Hãy nhấn đăng ký để ủng hộ mình nhé !
► Kênh hứa hẹn sẽ tạo ra những Video hay nhất cho các bạn xem !
Cảm ơn các bạn đã xem. Tôi yêu các bạn rất nhiều !
#TeamChâuphi  #quanglinhvlogs #lindo

✪ Copyright © #Quanglinhvlogs",43199,815075,2660
chRR9w8cWxI,UCBJnS5ExQo4SIJlsqNDnXGA,2022-05-29T10:00:30Z,Quanglinhvlogs || Những Đơn Hàng Đầu Tiên Của Quang Linh Farm ? Tiếp Tục Mở Rộng Kênh Nước,"Liên Hệ tài trợ/ Quảng cáo
► Mua Mua Nước Hoa Tại Store: https://www.facebook.com/quanglinhvlogstore
► Zalo Angola : +244 949028888 ( Phạm Quang Linh )
► Zalo Việt Nam : +84 986881994 ( Trần Chí Tâm )
► Mail: pqlmmo@gmail.com
► FanPage Chính Chủ: https://www.facebook.com/QuangLinhVlogss
► FaceBook Cá Nhân : https://www.facebook.com/PhamQuangLinh1997Vlogs

► Cảm ơn các bạn đã xem clip của tôi. Hãy nhấn đăng ký để ủng hộ mình nhé !
► Kênh hứa hẹn sẽ tạo ra những Video hay nhất cho các bạn xem !
Cảm ơn các bạn đã xem. Tôi yêu các bạn rất nhiều !
#TeamChâuphi  #quanglinhvlogs #lindo

✪ Copyright © #Quanglinhvlogs",33071,666224,2116
